76qVn2VZ9dc,Vs #33 PLAYER! | AoE4 | Grubby,2021-12-08,6802,187,2,34
OFiIQLbLLwM,HRE CHAD MIRROR! | AoE4 | Grubby,2021-11-30,6650,162,3,22
oe14sXofTwA,Grubby Gets Into HUMANKIND Closed Beta!,2021-06-21,9722,272,51,45
DT-sOVl3ex0,Grubby | WC3 | Innocent TOWERRUSH,2020-09-03,26973,447,9,41
jLh1Qgs1Kl0,Grubby | Reforged Beta | 4v4 With Cassandra!,2019-12-08,26646,492,17,92
vbUq7VnoRgg,Grubby | Reforged Beta | New INFERNAL is GORGEOUS!,2019-12-05,46602,700,32,124
CK9Wx0dWXeA,Grubby | Reforged Beta | Male DH is In!,2019-12-05,56017,643,24,172
YTWBthuR7uA,Grubby vs ToD | Hit Me PLS,2019-12-04,31954,553,11,70
CK9Wx0dWXeA,Grubby | Reforged Beta | Male DH is In!,2019-12-05,56017,643,24,172
YTWBthuR7uA,Grubby vs ToD | Hit Me PLS,2019-12-04,31954,553,11,70
ggKi2MmUuuA,Grubby | Pala Mass Expo,2019-12-03,36810,613,9,66
_rFnrtWf3EY,Grubby | &quot;NEW REFORGED MODELS&quot; | Warcraft 3,2019-08-04,79628,1513,61,182
VowuCgOuB0s,Grubby | &quot;THE DEFINITION OF [EPIC]&quot; | Warcraft 3 TFT | UD vs HU | Terenas Stand,2019-07-24,90019,1472,54,143
eLoIaTvixJQ,Grubby | &quot;Monster CLAP&#39;&quot; | Warcraft 3 TFT | HU vs UD | Terenas Stand,2019-07-20,26343,490,4,77
BsUdC3kb1ak,Grubby | &quot;103 Food Army&quot; | Warcraft 3 TFT | UD vs HU | Northern Isles,2019-07-16,35263,496,20,57
FHIGQ9IVEk4,Grubby | &quot;NINJA ORCS GANK SQUAD&quot; | Warcraft 3 TFT | ORC vs NE | Terenas Stand,2019-07-15,25891,710,14,67
kRkPvB_HQ10,Grubby | &quot;Мда&quot; | Warcraft 3 TFT | NE vs ORC | Amazonia,2019-07-05,20208,483,6,95
9KqrDYp6Ecg,Grubby | WC3 | [EPIC] The RANK 1 Game,2020-08-31,41477,1215,17,134
zIb3Zh5KH6A,Grubby | &quot;4v4 Mortar Style&quot; | Warcraft 3 TFT | Sanctuary,2019-06-17,30797,489,7,43
24JRuyeKXHQ,Grubby | &quot;Can&#39;t Believe I Lost This...&quot; | Warcraft 3 | NE vs NE | Turtle Rock,2019-04-11,20702,577,22,57
w4iUrqXU8lI,GRUBBY vs HAPPY | SUPER CLASH | Warcraft 3 TFT,2019-06-20,158650,2588,90,431
KdO_zN96bis,My MAP TIERLIST! | AoE4,2021-12-09,4068,128,1,40
Mz5y7Adwzi4,COLLAB ft. TheViper! - AoE4 Balance Discussion Podcast While Watching Replay | AoE4 | Grubby,2021-12-08,12214,460,6,83
msxpkiL_DsU,Testing FIRELANCERS! | AoE4 | Grubby,2021-12-07,5657,140,3,29
umsQ_-bF0Wk,THE ULTIMATE CHINESE GUIDE | AoE4 | Grubby,2021-12-07,17780,585,13,99
YGuSncyum8I,A Chinese Boom COUNTER! | AoE4,2021-12-06,6628,146,1,29
pEg7ngfBm1A,Aren&#39;t You Casting SOON?! [EPIC] | AoE4,2021-12-06,6860,177,1,26
5TehZgCnrQg,What If I Only Make BARRACKS?! | AoE4,2021-12-05,6265,135,1,26
-bLHwB85uBw,6 THINGS We&#39;ll Do BETTER In 3 Months! | AoE4,2021-12-05,10197,284,2,43
rsgEwHwdxwk,MY Sacred Sites! | AoE4 | Grubby,2021-12-04,4335,107,2,15
bZ7bLY3FRK8,[MYTHICAL] The Best Game EVER! | AoE4 | Grubby,2021-12-04,18864,453,9,79
uD6M1BA0Iks,[Vs Mass Horse Archers] [2 TC Boom Song Dynasty] [Chinese Civ] | AoE4 | Grubby,2021-12-03,5750,165,4,29
Te8mhumCUto,1v1 WONDER vs WONDER! | AoE4 | Grubby,2021-12-03,6609,165,2,33
9dB4E8TaBEY,[LEGENDARY] Only ONE Delhi... Can Be The KING OF THE HILL! | AoE4 | Grubby,2021-12-02,4944,129,2,25
K2tYALwHJtI,My POST-PATCH TIERLIST! | AoE4 | Grubby,2021-12-02,23516,430,6,124
HMygi0F6q2Q,Can&#39;t Beat Longbowmen? WATCH THIS! | AoE4 | Grubby,2021-12-01,13570,272,5,54
htQTNCwmRcE,Should I SURRENDER?! | AoE4 | Grubby,2021-12-01,8764,189,4,26
IUl5NsE_nfA,Updated TIER LIST! | AoE4 | Grubby,2021-11-15,44115,860,38,123
CYjaL3TnCjc,RUS Step by Step BUILD ORDER! | AoE4 | Grubby,2021-11-09,35636,819,19,114
AOzFg-45a2E,Abbasid - CLEAN Build Order! Very Educational! | AOE4 | Grubby,2021-11-07,33405,936,11,89
9aLjZAeEB9w,Holy ROMAN Empire Build Order + demonstration!! | AOE4 | Grubby,2021-11-06,49152,1148,25,164
p4XnTAODcdg,AoE4 Civilizations TIER LIST | Grubby,2021-11-05,37193,681,84,105
US-kl1W5Vwo,"AoE4 - Lots of Helpful Tips  Tricks! Control Grouping, Hotkeys,  More!",2021-11-03,64535,2025,27,185
dQTmb1zybjU,Grubby | AoE4 | Facing DAY[9] ! - DELHI vs FRENCH,2021-10-31,41824,786,18,96
jiQJU_vS_Cg,Delhi Sultanate BUILD ORDER - Double Elephant Push - AOE4 - Grubby,2021-10-28,55230,1275,29,103
OhHWIm3i3_I,Grubby Reacts to 2004 WarCraft III Documentary!,2021-10-21,32141,962,17,202
5GPz35VbkMg,Grubby | WC3 | [LEGENDARY] Facing ToD As ELF!,2021-10-20,29808,956,18,143
CDSdh4Kz8os,Grubby | WC3 | Facing a Shameless CHEATER!,2021-10-16,43336,1067,22,163
OPmafHGvqzk,Grubby | WC3 | We Meet AGAIN! - vs HAPPY,2021-10-09,39871,1389,8,135
LQqm3T2mV08,Grubby | Let&#39;s Talk About RTS Games: WC3 vs SC2 vs AoE IV - PACING,2021-09-24,42500,1404,31,237
GmCP2FYzrJE,Grubby | FIRST Time Playing Age Of Empires 4!,2021-09-19,31693,977,19,173
ixdC7mmw8-A,Grubby | SC2 | Facing The Disruptor KING!,2021-09-12,4173,135,4,33
59uXs7hznEc,Grubby | WC3 | First Time I Face 120!,2021-09-06,25865,766,9,115
3uF1QvOxcJE,Grubby | WC3 | [MYTHICAL] Late Game INSANITY,2021-09-02,60861,1978,24,216
m8XhunX7aeA,Grubby | WC3 | Did NOT Expect That! - vs HAPPY,2021-08-26,33138,1341,16,185
0VWhRdNqlo4,Grubby | WC3 | I Made a New META!,2021-08-24,30242,732,11,99
VJ4o51wm72o,Grubby | WC3 | Facing The WORLD CHAMPION!,2021-08-19,41884,918,21,97
_Q6_c7VTL2s,Grubby | WC3 | Happy (ORC) vs XlorD (UD),2021-07-25,29752,940,17,83
wZ-eQ4Cr90I,Grubby | My Thoughts On The Latest REFORGED NEWS...,2021-07-24,91222,2873,116,669
cRWWj9QaBh8,Grubby | WC3 | A Diverse Bunch!,2021-06-13,11805,342,8,24
HcFFGgp0SF0,Grubby | WC3 | BRAZILLIONAIRE!,2021-06-10,16989,483,8,55
Y8uRg_HmMAk,Grubby | WC3 | Where&#39;s The Mute Command Again?!,2021-05-20,14615,398,10,42
U0EZ67RmPLQ,Grubby | WC3 | I Haven&#39;t Played This In 17 YEARS!,2021-05-17,31413,746,11,103
kyt7xr7miAc,Grubby | WC3 | HAPPY vs INFI - Cast,2021-05-16,36824,929,12,171
L288y2PualM,Grubby | WC3 | [EPIC] MAX 90 Damage TC!,2021-05-01,39545,824,17,63
Vets9Uk1L7U,Grubby | WC3 | HAPPY vs HITMAN - Their First Ladder Match!,2021-04-22,33036,1039,18,134
ywkzxL1aeB8,Grubby | WC3 | Casting HAPPY vs FOGGY!,2021-04-19,29383,741,14,101
3IJimjF4AUA,Grubby | WC3 | The Greatest Towerrush,2021-04-18,40491,1138,23,92
CCCfc3_loaQ,Grubby | WC3 | [LEGENDARY] Twisted Meadows DELIVERS!,2021-04-13,27368,560,14,72
Z_XqgqJaypc,Grubby | Diablo 2: Resurrected | Slaying Andariel  Duriel,2021-04-12,34078,434,27,80
TTVb3I-zYvA,Grubby | WC3 | (SUPER) Late Hidden TOWERS!,2021-04-11,31944,512,13,68
QS6yaMYsc7s,Grubby (WC3 Pro) Plays Diablo 2: Resurrected Tech Alpha #BlizzEarlyAccess,2021-04-09,49523,1944,53,192
aeUJOLaLxjo,Grubby | More News From Blizzard - Patch 1.32.10,2021-03-30,33747,683,18,129
25txnZakNbE,Grubby | WC3 | NEW BUFF(ED) Human!,2021-03-19,30378,744,14,85
I7tTpyl0J9M,Grubby | WC3 | THIS GAME IS [LEGENDARY],2021-03-11,55057,1135,30,112
UAS9kbESWA4,WC3 Reforged 1 Year Later: IS IT STILL SH*T?,2021-01-29,228642,5273,295,991
dug6eRYpsww,Grubby | WC3 2v2 | Mass MGs vs Mass WYRMS!,2021-01-25,11872,253,7,23
FncX4SAjzgE,Grubby | WC3 2v2 | [EPIC] | EVERYONE LVL 6!,2021-01-24,31084,647,12,59
RPh1qyofQtg,Grubby | WC3 2v2 | R U NEW?,2021-01-22,31488,735,16,72
uJ195Tk_UqM,Grubby | WC3 | Bo7 vs Nithala,2021-01-20,40797,438,26,42
lD9xNRTPP_g,Grubby | WC3 | LVL 9 PITLORD!,2021-01-19,31293,679,13,71
jgwvqkIB9Ag,Grubby | WC3 | Perfect Burning Oil Timing - vs Lawliet,2021-01-18,14425,529,8,61
FoSaLtdazoE,Grubby | WC3 | [LEGENDARY] STARFALL TORNADO!,2021-01-12,39813,1061,23,140
7EMuQfhhrbI,Grubby | WC3 | [EPIC] Flying Machines Killing Hero FOOLS!,2021-01-09,30320,757,10,59
cIXE4v6xyoY,GRUBBY vs HAPPY | WC3 | SWEET REVENGE?,2020-12-30,31772,1097,19,147
rlAKBHcZRXQ,Grubby vs Happy | [EPIC] | Here We Go AGAIN!,2020-12-28,51028,1432,31,195
uovuFTT0BNE,Grubby | [LEGENDARY] | Facing Old School BULLY,2020-12-23,26317,603,22,81
567OTBsbuQ0,Grubby | WC3 | 1 Huntress Block,2020-12-21,10631,341,6,14
0CgGWcVT4D4,Grubby | WC3 | SUPERCHARGED Warden (LVL8),2020-12-20,23443,481,16,54
lC6Ey9m7i0w,GRUBBY vs HAPPY | WC3 | We Meet AGAIN!,2020-12-16,32790,832,21,138
DMmJp8u8bb8,Grubby | WC3 | 1000$ ShowMatch vs Sonik - Pt.2,2020-12-13,50236,662,17,83
0rmz0DWnfsU,Grubby | WC3 | Facing PotM MASS DAMAGE!,2020-12-11,19928,452,7,51
y7DK4lEwq-M,GRUBBY vs HAPPY | [EPIC] | It&#39;s NOT OVER!,2020-12-07,55226,1246,16,209
ZOS0kqTfWN8,Grubby vs Happy | WC3 | ROUND 2!,2020-12-05,54878,1316,16,170
LhQgAlt-xCk,Grubby vs Happy | [EPIC] CAN I BEAT HIM?!,2020-12-04,45721,1749,25,231
36-_JbSA5M8,Grubby | WC3 | EPIC | FINALLY LVL 10 CL!,2020-11-30,39276,799,17,69
xo3kLxCHM4k,Grubby | WC3 | 1855 Gold From TRANSMUTE,2020-11-27,28558,610,15,56
CSm6i0tPv-I,Grubby | WC3 | GHOULS + ALL THE AURAS!,2020-11-20,41630,1123,19,102
lkZMlQx6Iy0,Grubby | WC3 | Facing The #1 GM!,2020-11-05,42693,816,20,89
ZILkPRELoDE,Grubby | WC3 | STEAL EVERYTHING!,2020-11-04,19172,552,14,53
Ved2B7WgiGs,Grubby | WC3 4v4 | UNHOLY NIGHT ELVES,2020-11-02,18849,402,8,38
0hOd40gobLM,Grubby | WC3 | Let&#39;s Get Down To BASICS - ORC,2020-10-31,45112,1391,14,116
K9KLnecK7Ss,Grubby | WC3 | [MYTHICAL] A Face Full Of ARROWS!,2020-10-22,35827,928,22,91
1QzsXmSYIOI,Grubby | WC3 | EPIC | LVL 8.9 BLOODMAGE!,2020-10-20,45220,871,29,100
gWib1eZO7eE,Grubby | WC3 | I&#39;ve Never Had a Game Like THIS!,2020-10-16,34499,713,18,80
C3Q78ZMYmKE,Grubby | WC3 | LVL 8 DK And Animate Dead TWICE!,2020-10-14,34449,602,17,59
dmX2Mt06BVs,Grubby | WC3 | Twitch Chat Roasts Me!,2020-10-13,12457,348,5,47
IFYPrf1Oh78,Grubby | WC3 | Facing MASS ABOMS!,2020-10-12,39571,708,23,53
oQanXX2jZSY,Orc Gets 1 EXTRA FOOD!  - WC3 PTR Patch 1.32.9: Big Changes!,2020-10-07,51141,954,40,241
5dkN47yQpCA,Grubby | WC3 | LVL 9 PANDA!,2020-10-06,44832,718,20,55
IPlbK1NGTlE,Grubby | WC3 | My Heroes Are In DANGER!,2020-10-02,20241,417,7,28
nglQigsmXkU,Grubby | WC3 | SO MANY WISPS!,2020-09-30,12851,322,6,50
opJ1Txyv1H8,Grubby | WC3 | LVL 9 DEMON HUNTER!,2020-09-28,49088,810,22,58
Y6_JjirylC0,Grubby | WC3 | MASS AoE!,2020-09-27,41117,804,17,66
_WFTX_LTtc8,"Grubby | WC3 | I DON&#39;T CARE, NOOB!",2020-09-26,34088,1300,23,231
BhjqmOhDEjY,Grubby | WC3 | 11 Armor RIFLES!,2020-09-21,22382,520,11,39
R2dXbCMeqV0,Grubby | WC3 | &quot;Luck No Skill&quot; - BM chat,2020-09-17,30560,785,12,127
L0povcuX5V8,Grubby | WC3 | Mass Polymorph!,2020-09-16,32149,650,19,75
i06gmhRWxE4,Grubby | WC3 | The &quot;T&quot; REQUEST,2020-09-16,11390,315,8,42
ycZeqz2kD5M,Grubby | WC3 | [LEGENDARY] MASS RAIDER DROP!,2020-09-10,38861,659,26,70
3VG6YsTCV8o,"Grubby | WC3 | Altar Rush, Best Rush?",2020-09-09,39293,834,14,80
F7a6pbangDQ,GRUBBY vs HAPPY | Winners Final - Season 2 W3 Champions Tournament,2020-09-06,52648,1014,29,214
5A8vGLTlzyY,Grubby | WC3 | [EPIC] This Guy LOVES Sappers!,2020-08-30,17322,410,9,34
GZz6vW6kMLo,Grubby | WC3 | [MYTHICAL] DOOM!! - vs INFI,2020-08-09,64582,954,41,98
N2P1sLVaH8c,Grubby | WC3 | [LEGENDARY] I Was Ready To Leave And Write GG...,2020-08-05,36687,938,12,99
_VTUZoB973g,Grubby | WC3 | [SUPERCLASH] vs Infi - WORLD CHAMPION,2020-08-03,82676,1029,30,134
u_jYQe7jYkE,Grubby | WC3 | Raiders To The Rescue!,2020-08-01,12618,326,8,13
1-3_rcue0MY,Grubby | WC3 | Facing The WORLD CHAMPION,2020-08-01,64357,1800,48,243
bU_yItliOuQ,Grubby | WC3 | [MYTHICAL] Maximum TILT,2020-07-27,39470,1061,20,117
HhHikqgAhvk,Grubby | WC3 | [EPIC] The Crown Of Kings,2020-07-25,29246,696,6,62
TqRi5GHQroM,MOON vs TH000 | WGL SEMIFINAL | Warcraft 3 Reforged,2020-07-20,34790,407,15,91
zxUSW63LkxI,MOON vs 120 (Bo5) | Summer 2020 WGL Quarterfinals | Warcraft 3 Reforged,2020-07-19,30679,377,14,56
o1t8L3DFFLM,Grubby | WC3 | [EPIC] Just Make TOWERS!,2020-07-13,32548,550,29,73
JEj0YpocBPs,GRUBBY vs HAPPY | LEGENDARY SHOWMATCH - P.2,2020-07-07,28588,786,15,166
oSqgtQhHUrk,GRUBBY vs HAPPY | LEGENDARY SHOWMATCH - P.1,2020-07-06,49617,1433,28,178
C9sx6-QfMnw,Grubby | First WC3 Champions 4v4 RT!,2020-07-02,32999,577,11,57
ZkPNzCnyJII,Grubby | WC3 | My Worst Fear: Blizzard LVL3,2020-06-30,25514,461,9,62
KwQp1ArP0WU,Grubby | WC3 | [EPIC] FULL Offense Power!,2020-06-29,25599,495,13,44
z7ZM6SB5DCc,Grubby | WC3 | [SUPERFIGHT] Grubby vs Sonik,2020-06-27,30992,541,12,61
v3TnBX4eITI,Grubby | WC3 | [LEGENDARY] HOW?!,2020-06-26,36059,955,15,102
0MkcM-eDP-g,Grubby | WC3 | Key Sappers!,2020-06-23,15595,331,6,14
vK49zc4T1ZU,Grubby | WC3 | [LEGENDARY] MUST WATCH!,2020-06-22,69741,2604,39,205
CXdX1o0qBRc,Grubby | WC3 | The LONGEST FFA EVER!,2020-06-20,261581,2569,129,344
up1pT-9c2H4,Grubby | WC3 | TC Speed Devil Stomper!,2020-06-18,23879,460,13,40
oWeU8_jRRiE,Grubby | WC3 2v2 | [EPIC] Double ORC!,2020-06-18,24517,495,11,53
tlxxYZW2GqY,Grubby | WC3 | NE Tryhard Strat: ARCHERS!,2020-06-16,30045,477,40,69
YdOMldbRq08,Grubby | WC3 | [EPIC] SUPERMAN DH!,2020-06-15,66857,917,24,61
WH2NaT2mfVs,Grubby | WC3 | [EPIC] RANK 1 vs RANK 2!,2020-06-13,55046,997,26,99
wl-n0pmY9C8,Grubby | WC3 FFA | Buying Mass Tier 8 Summons!,2020-06-12,51802,754,21,59
E4ZD8WIAxhA,Grubby | WC3 | LVL 10 CL!,2020-06-10,50898,961,21,131
Bj7tR0p2iZE,Grubby | WC3 | Double Crypt Rush!,2020-06-09,25722,569,11,45
_rEaxT9HjGc,Grubby | WC3 FFA | [EPIC] Bro... Peace?,2020-06-09,39483,530,18,71
zqArtJfYMoM,Grubby | WC3 2v2 | 2v2 vs Bizzare and ToD,2020-06-07,30604,814,11,113
tt384U_vIEs,"Grubby | WC3 FFA | LVL 10, 10, 10!!",2020-06-03,142251,1486,57,160
V7F7AlUPzNU,Grubby | WC3 | PATCH OUT - New CL is a MONSTER!,2020-06-02,39235,643,15,90
QEcGl27D6UM,"Grubby | WC3 | [LEGENDARY] Oh, So You Like WORKER HARASS?!",2020-06-02,44836,820,13,60
YwCw-DhHkTc,Grubby | WC3 | Light Tower Pressure,2020-06-01,25342,509,10,46
mA1KHtA811c,Grubby | WC3 | Stupidest/Best Game Ever,2020-05-29,25199,599,18,81
Xmu0E3zhjBI,Grubby | WC3 | TP&#39;ing... A Lot! - vs ToD,2020-05-27,25481,559,11,188
63BeMTsMl7o,Grubby | WC3 | STRONG Human on Last Refuge,2020-05-26,17487,472,17,79
B8GeWY-6y8A,Grubby | WC3 | 2v2 With Cassandra!,2020-05-25,45917,1088,30,213
CMg0kcmXw4g,Grubby | WC3 | [EPIC] This Is Spartom!,2020-05-23,28468,598,14,50
DHVFDglDgdk,Grubby | WC3 | TRIPLE ARROW,2020-05-22,57109,924,23,70
d0EM1Y0Wu8w,Grubby | WC3 | Testing The PTR Changes!,2020-05-21,39647,566,30,110
ytwnAWjEw3w,Grubby | WC3 | Pala Rifle!,2020-05-20,32324,644,8,52
Q8BUXlelP_U,Grubby vs ToD | TRIGGERED,2020-05-18,86077,2158,87,629
vmu4bZTKQfM,Grubby | WC3 | [EPIC] 2V2 WITH SyDe!,2020-05-17,28019,647,10,53
psfcqJwAmec,Grubby | WC3 | SUPERCLASH vs Blade,2020-05-16,64344,536,37,82
kL3UcnynQUc,Grubby | WC3 | A Stacked Hunter!,2020-05-14,40145,668,17,58
3AznqX92GsU,Grubby | WC3 | [LEGENDARY] LVL 10 Tinker,2020-05-14,89709,1548,50,132
4h_BtuT8eOA,Grubby | WC3 | The Perfect Short Game,2020-05-13,28397,785,11,68
2An90cZVDdw,Grubby | WC3 | Best Volcano EVER,2020-05-13,29499,547,11,40
sRGbNK-e5ec,Grubby | WC3 | [EPIC] I Want THAT GOLEM - vs Rank 2 Player,2020-05-12,29372,579,12,45
2q4231w0jDQ,Grubby | WC3 | [LEGENDARY] A High Profile 2v2,2020-05-09,58514,1292,26,145
IycmOdx8ULc,Grubby | WC3 | Double LEVEL 7!,2020-05-07,30299,630,10,68
L2aAZabwD9Q,Grubby | WC3 | [LEGENDARY] Fake Towerrush,2020-05-05,54236,903,22,82
g_BXcP9XCME,Grubby | WC3 | Didn&#39;t Expect That! - 2v2,2020-05-04,53905,922,30,109
7jmHcI16shA,Grubby | WC3 | SUPER[LADDER]CLASH vs ToD!,2020-05-03,137353,1193,54,213
KU5jOAA_npI,Grubby | WC3 | Road To Rank 1,2020-05-02,76327,1217,28,159
oq3u3G97HQo,Grubby | WC3 Reforged | PATCH 1.32.4,2020-04-28,39259,728,56,136
kN1uzWGkYGw,Grubby | WC3 | [MYTHICAL] | NO CHANCE,2020-04-24,35540,979,13,125
DKpJA82U0FM,Grubby | WC3 | LVL 8 CRYPTLORD,2020-04-23,33484,635,10,60
hNYh9ho0iws,Grubby | WC3 | [LEGENDARY] Facing The RANK 1 Player,2020-04-20,164199,2338,63,293
ymR_JXQQgcc,Grubby | WC3 | [MYTHICAL] Clash Of Titans,2020-04-15,39000,1048,19,159
ewl-eVF6LQM,"Grubby | WC3 | Then Again, I&#39;m Orc",2020-04-13,21118,429,12,39
y17HXZEheos,Grubby | WC3 | [LEGENDARY] A Wall of Stone,2020-04-13,51279,963,29,129
RKkns4mHP5o,Grubby | WC3 | [EPIC] Monster Macro Match,2020-04-06,25613,464,7,61
KREyzg04I9o,Grubby | WC3 | IMMOVASION!,2020-04-04,34693,583,13,68
c3LxUKHIUD8,Grubby | WC3 | [LEGENDARY] All Hope is Lost - vs ToD,2020-04-04,57376,1384,24,238
6qrS6QluHtU,Grubby | WC3 | The Rematch - vs ToD!,2020-04-01,30362,771,13,159
kxwlx9GrHBQ,Grubby | WC3 | Getting a Rare Bloodlust - vs ToD!,2020-04-01,34166,724,18,130
Y1HLAMGwJH0,Grubby | WC3 | [EPIC] SUPERCLASH vs XlorD,2020-03-30,44407,460,22,57
kc_nvLSRncE,Grubby | WC3 | Transmutation,2020-03-23,28146,429,25,58
7jXiIYIQfcU,Grubby | WC3 Reforged | Patch 1.32.3 Preview + LADDER!,2020-03-18,30000,444,43,112
CVezehWrOmw,Grubby | WC3 Classic GFX | ULTIMATE Anime Betrayal,2020-03-14,35777,479,12,65
fw5-HvMCPuQ,"Grubby | WC3 Classic GFX | 10,000 GOLD FFA",2020-03-11,46199,549,20,61
TTGp6g7qjs8,Grubby | WC3 Classic GFX | Noobs,2020-03-10,23847,513,12,67
2mnFTYYVus0,Grubby | WC3 Classic GFX | SOLO PALA You Won&#39;t Believe The Ending...,2020-03-09,33101,654,14,66
YU9VnhKIeGo,Grubby | WC3 Classic GFX | High Level FFA,2020-03-08,84543,906,36,114
DsKPAQbttDo,"Grubby | WC3 | He said GG, and this happened",2020-03-06,89336,1441,54,248
CZE0Sc4obTM,Grubby | WC3 Classic GFX | Political FFA,2020-03-05,40652,626,17,99
SAt-gDZFC5M,Grubby | WC3 Classic GFX | The TRUE FFA,2020-03-04,39028,548,37,78
MyYWCYKC5y0,Grubby | WC3 Classic GFX | 3 Peasants TOWERRUSH,2020-03-03,51573,1037,30,111
LJ-dVBJNNaM,Grubby | WC3 Reforged | Scourge Campaign!,2020-02-28,24007,392,10,54
rlrngySWHWI,Grubby | FIRST SC2 Game in 5 YEARS!,2020-02-25,25529,773,12,102
kSCNXPkrmBA,Grubby | WC3 Reforged | Patch 1.32.2 PREVIEW,2020-02-24,33052,611,54,153
HvyyiypxJ1E,Grubby | WC3 Reforged | [EPIC] The CHIEFTAIN,2020-02-24,65523,875,37,148
_j3E1y7b-5o,Grubby | WC3 Classic GFX | The LVL 9.7 Keeper!,2020-02-21,50450,659,22,81
AE3mJOWTly0,Grubby | WC3 Reforged | Stormrage Brothers,2020-02-20,32287,383,19,65
mYYBSiGVCMU,Grubby | WC3 Reforged | SHOCKCHAIN!,2020-02-20,36645,532,22,95
3dpd4t3Ov-A,Grubby | WC3 Reforged | The Eye Of Sargeras,2020-02-18,28833,386,17,51
mJcjJaK4Ah0,Grubby | WC3 Reforged | SUPERCLASH Grubby VS SyDe,2020-02-18,93424,755,53,140
iGK7nND0k6o,Grubby | WC3 Reforged | [LEGENDARY] 85-0 OR 84-1?!,2020-02-17,56080,757,40,110
Mn6eXmyugqU,Grubby | WC3 Reforged | 81-0 OR 80-1?,2020-02-16,42277,687,35,150
Dh9o-XnoJT4,Grubby | Wc3 Reforged | The Fall Of The Eredar,2020-02-16,47311,601,23,128
PBfaOhI8CUU,Grubby | WC3 Reforged | The Druids Arise!,2020-02-15,36788,447,25,56
n425FIC8l-k,Grubby | WC3 Reforged | Clash Of Styles,2020-02-10,28339,490,29,78
xUyk1gE4AJI,Grubby | WC3 Reforged | To The BARRENS!,2020-02-09,33143,496,26,79
H9gnmpan6EU,Grubby | WC3 Reforged | Orc Campaign!,2020-02-08,23942,450,30,62
-ve3pWYtC2o,Grubby | WC3 Reforged | [EPIC] FIRST LOSS?,2020-02-08,55190,733,76,182
E7h5ayrZHvc,Grubby | WC3 Reforged | The Fall Of DALARAN,2020-02-07,42781,527,30,94
K6pk59ttCuQ,Grubby | WC3 Reforged | Time To Troll!,2020-02-07,24116,495,28,103
BOi8bmxvVpQ,Grubby | WC3 Reforged | Patch 1.32.1 Preview!,2020-02-06,56329,807,108,341
oShbinDZu8M,Grubby | WC3 Reforged | The Fall of the Archer,2020-02-06,29985,502,27,69
BeUdmgqjlY8,Grubby | WC3 | First FFA In REFORGED!,2020-02-05,82275,1077,76,154
t7rDu8eyGZc,Grubby | WC3 Reforged | A Worthy Opponent,2020-02-03,74486,1519,100,192
CGIYsQyAw-g,Grubby | WC3 Reforged | Frostmourne!,2020-02-02,38580,682,73,131
JjIhoHBua0E,Grubby | WC3 Reforged | The Culling of STRATHOLME,2020-02-02,29049,630,193,218
zhLRd7A1IpM,Grubby | WC3 Reforged | March of the SCOURGE,2020-02-01,52385,1560,123,273
-pk2q-y7UJI,Grubby | WC3 Reforged | The Birth of PALA RIFLE,2020-01-31,35354,600,129,148
34VDSv_DASE,Grubby | WC3 Reforged | HUMAN CAMPAIGN!,2020-01-30,32637,569,251,219
FL1kX1Xvb9Y,Grubby | WC3 Reforged | The Fires Down Below,2020-01-30,29354,528,61,82
o6jBA28CltQ,Grubby | WC3 Reforged | Riders On The Storm,2020-01-29,34085,610,42,75
Z7n1BXckS48,Grubby | WC3 PRO Plays REFORGED CAMPAIGN!,2020-01-29,112805,1464,160,367
zeb1C67eK3k,Grubby | WC3 | Trying A New Build!,2020-01-26,33966,531,5,27
94B559DpaS8,Grubby | WC3 | Punitive Towerrush!,2020-01-25,29714,566,9,31
hHRHltm2T7I,Grubby | WC3 | Don&#39;t Feed The Panda,2020-01-25,31277,517,16,55
396j93rc8MA,Grubby | WC3 | [EPIC] The GHOUL RUSH,2020-01-22,53438,758,24,75
qJP_OVE3jvU,Grubby | HotS | I Have Returned!,2020-01-05,27719,715,34,40
PfZjCFNgYF0,Grubby | [EPIC] Never Again!,2020-01-05,53281,824,17,63
drxMuPBGaJM,Grubby | Arrows Blot Out The Sun,2020-01-02,28548,522,10,38
ygdctbqC7Bs,Grubby | [LEGENDARY] Immovasion FTW!,2020-01-01,110018,1489,41,86
aMBiPFLNKjY,Grubby | Naga Tank!,2019-12-31,45026,712,16,63
5OfMsHAPNuI,Grubby | The LVL6 Attack!,2019-12-28,26041,431,9,26
eWNvVw1B2z0,Grubby | Probius The Gate Keeper,2019-12-27,32034,692,36,42
jdq3YYL-Y30,Grubby | WTF This Is Fun!,2019-12-24,55200,1275,55,73
0l7A2sEdt8c,Grubby | [EPIC] LVL 6 Dark Ranger AND Panda!,2019-12-23,33996,551,15,37
TDsbLOKEeQI,Grubby | Micro Yo A$$ Off!,2019-12-22,23785,456,9,45
hb3FrjDMwDY,Grubby vs Cash | FIRST REFORGED SUPERCLASH!,2019-12-21,274323,1953,141,296
ioGPWqZY5PQ,Grubby | CRAZY Expo Strategy!,2019-12-20,34266,576,10,60
qXjgWenvXwE,Grubby | [LEGENDARY] Not Enough Farms,2019-12-19,39735,679,19,57
cENn-uIZlp8,Grubby | New SAMURO: Now a FIGHTER!,2019-12-18,36773,586,67,56
1OwD0SPSm6g,Grubby | Reforged Beta | Footman FRENZY!,2019-12-17,65723,766,42,69
GOwG-iCMRuY,Grubby Plays Starcraft 2: Session One,2019-12-16,35961,555,21,56
abdhGL66h3M,Grubby | [EPIC] Earthquaking INFERNAL!,2019-12-16,42480,833,17,71
2E6YiV6PUIQ,Grubby On LotV Campaign : Session Two,2019-12-15,37660,502,26,68
_HB37pQKAwk,Grubby | [LEGENDARY] Never Give Up!,2019-12-14,62112,1373,19,116
08g5RvsZR2Y,Grubby | Fighting 32 Minutes Straight!,2019-12-12,44937,610,23,80
SSW3CTpxBy0,Grubby | The Peon Slayer,2019-12-10,32965,707,20,78
vUvfGbblw84,Grubby | Reforged Beta | UTHER PARTY!,2019-12-09,51036,724,31,74
vWsk7jVDu6M,Grubby | [EPIC] 15DPS At A Time,2019-12-09,28332,522,8,54
FYIipn5EaGI,"Grubby | Reforged Beta | Warriors of the Night, ASSEMBLE!",2019-12-09,30465,529,18,62
-7S0MUa-D2E,Grubby | Reforged Beta | PATCH OUT! We&#39;re Playing Arthas!,2019-12-04,87234,1185,64,263
1DL9Oo9eNvc,Grubby | Ancient Hydra Power Reborn!,2019-12-01,33426,580,14,52
ok8UsrxLIWI,Grubby | Should Flying Be Buffed?,2019-11-30,29135,431,17,44
LUaROFGpaU4,Grubby | The 9.6 Warden!,2019-11-30,58360,848,27,75
yaT9l9KenlM,Grubby | [EPIC] VS Demon 6 SUPERMAN,2019-11-29,35811,547,13,50
8BB3ke5gTFM,Grubby | 4v4 RT Glaive Style!,2019-11-27,32457,525,13,78
BWkhRbqPWzc,Grubby | Human Bloody Beginner!,2019-11-27,103229,1818,28,117
RG__xOy-sAw,Grubby | Reforged Beta | [LEGENDARY] My Patience Has Ended,2019-11-26,112279,1606,70,287
DyQIdmULsUg,Grubby | Undead Bloody Beginner!,2019-11-25,123434,2555,23,162
TutD48rY8AI,Grubby | [LEGENDARY] Aaaaaaaah!,2019-11-25,47087,621,18,58
9MOroFSgurI,Grubby | Reforged Beta | Taking NSW for a &quot;Spin&quot;,2019-11-24,41856,622,15,86
RxazVa7Y-N8,Grubby | You Shall Not Pass!,2019-11-23,26090,474,12,56
Ns5zEIEcsDg,Grubby | Reforged Beta | 1v2!,2019-11-22,59740,1156,30,133
uaedd7tNxYs,Grubby | [LEGENDARY] FINALLY!,2019-11-21,58776,1346,23,180
YPegbfl6328,Grubby | Reforged 4v4 with Night Elf!,2019-11-21,101464,1460,53,176
ev-OfuE71mY,Grubby | Reforged BETA | NIGHT ELF IS OUT!,2019-11-20,173136,2220,123,712
2vYpcFBM-fw,Grubby | ORC Bloody Beginner!,2019-11-19,110191,2262,15,129
gE31YZT3qOI,Grubby | NO,2019-11-17,39089,707,15,78
SZygsLFS_X8,Grubby | How to MASS HUNTS,2019-11-17,62985,1087,34,85
ms-Zks9x-ew,Grubby | Elf Bloody Beginner,2019-11-16,152194,2961,36,190
1EQ5Jwh5NMQ,Grubby | MY BLADE THIRSTS,2019-11-16,37572,545,14,68
zoYZSBm6Sx8,Grubby | 4on4 RT - In Reforged BETA!,2019-11-15,146488,1426,75,195
xeDEywKSxMw,Grubby | HUMAN - New graphics!,2019-11-15,57136,995,39,192
QB8vuLgMpMI,Grubby | Orc looks even more bad-ass!,2019-11-14,75435,1046,50,198
Gp3GFXlE-cs,Grubby | Reforged NEW Patch - Undead!,2019-11-14,115821,1409,82,366
pJ8EY-k0j4E,Grubby | Warcraft 3 TFT | [LEGENDARY] FFA IS BACK!,2019-11-12,129263,1434,39,186
oqyY8Ln3ilI,Grubby | Reforged BETA | Care For A Cocktail?,2019-11-11,50653,594,32,79
Wektw0M4Q4M,Grubby | Reforged BETA | Enter the BLOODLUST,2019-11-10,50442,785,17,97
Sdszv7oQ6eg,Grubby | Reforged BETA | WHY I RALLY POINT SPAM,2019-11-10,55879,1410,39,218
BV3p1O8gEwM,Grubby | Warcraft 3 TFT | Sleeping Under The Stars,2019-11-09,35631,542,19,70
cgYyGfr36xg,Grubby | Reforged BETA | Rise of the FURBOLGS,2019-11-09,71574,888,28,108
L5yProM9CpA,Grubby | Reforged BETA | DemLyrg&#39;s Assault,2019-11-08,38197,604,20,86
N0fyU79B4O8,Grubby | Reforged BETA | [LEGENDARY] The Stampede,2019-11-08,65148,1452,31,178
A-lVHTpbg0k,Grubby | Reforged BETA | CryptLord Banshees!,2019-11-07,71410,1010,20,96
96NvW5IMev0,Grubby | Reforged BETA | First Cannon Towerrush!,2019-11-07,135160,1248,66,124
Ebmu4nKxqWE,"Grubby | Reforged BETA | Fly, Phoenix Fly!",2019-11-06,93438,1082,39,166
4GPs8p4uNns,Grubby | Reforged BETA | Pimp My Wagon,2019-11-06,44257,698,19,146
CnLLps0nNus,Grubby | Reforged BETA | UNDEAD is Here! First Game on the BETA!,2019-11-06,243767,3509,177,888
QFWh5n8I2l0,Grubby | Reforged BETA | First AVATAR in the Beta,2019-11-04,76231,983,42,160
SnYd45zSI94,Grubby | Trying Out 2v2 Mode in the REFORGED BETA,2019-11-03,40499,668,20,105
TGbh4FrhSFw,Grubby | Summoning a PITLORD at Blizzcon 2019,2019-11-03,75309,962,30,189
tc1T12FtB64,Grubby | Reforged BETA | The Might Of Azeroth,2019-11-03,42202,651,20,81
SDWOaszrbTc,Grubby | Witch Doctors Invade The Floor of Blizzcon 2019,2019-11-02,40396,596,27,157
nRbxhg0UD-I,Grubby | Playing WARCRAFT 3 REFORGED Beta Live from Blizzcon 2019,2019-11-01,124801,1520,91,393
BZNqDAau-d8,Grubby | Reforged BETA | Taking the BETA to the SKIES,2019-11-01,32877,575,9,81
zbPqdvFJRFg,Grubby | Reforged BETA | My Thoughts so Far,2019-10-31,52584,1304,43,188
R2pxV0ZPiVQ,Grubby | Reforged BETA | &quot;NEW&quot; ENGINES RUNNIN&#39;!,2019-10-31,46999,904,20,146
m6KOi3pDVQw,Grubby | Facing My Padawan... IN THE BETA!,2019-10-30,73827,1829,31,143
J_SKHdgyWuA,Grubby | TIME FOR HUMAN!,2019-10-30,180622,2198,103,404
eA4kPs72vyg,Grubby | FIRST REFORGED BETA GAME,2019-10-29,366555,5113,415,941
Fn2UP-I6WiA,Ready For Reforged | A Warcraft 3 Rewind,2019-10-29,38521,1810,24,186
-QVTtftR84M,Grubby | Warcraft 3 Reforged | OLD vs NEW Part 3!,2019-10-27,31226,635,17,88
qZ1P5uQc3oI,Grubby | &quot;Late Game Powerhouse&quot; | Warcraft 3 | HU vs UD | Turtle Rock,2019-10-25,31751,487,12,60
g6MM4d7f81c,Grubby | &quot;Controlled Chaos&quot; [LEGENDARY] | Warcraft 3 | HU vs UD | Amazonia,2019-10-24,29618,575,9,46
iEpSRVk8q3A,Grubby | &quot;Can Might Be Matched?&quot; | Warcraft 3 | UD vs ORC | Last Refuge,2019-10-23,29098,431,15,49
Ja0T4ZhXpVM,Grubby | Warcraft 3 Reforged | OLD vs NEW!,2019-10-21,150597,1849,178,372
9wC1kDUCmSs,Grubby | &quot;Magic  Bullets&quot; | Warcraft 3 | HU vs HU | Concealed Hill,2019-10-20,12228,258,3,20
dRWQtwkco-0,Grubby vs KnOfF | SUPER CLASH | Warcraft 3 TFT,2019-10-19,50733,515,18,57
q41avivnaNA,Grubby | &quot;This Crazy Lich Here&quot; | Warcraft 3 | UD vs UD | Last Refuge,2019-10-17,93613,1118,43,67
U2eKMJe24hw,Grubby | Warcraft 3 Reforged | CREEPS CREEPS CREEPS,2019-10-16,54268,884,41,168
3lyZIW8jkm4,Grubby | Warcraft 3 Reforged | SPELL ANIMATIONS,2019-10-15,49610,906,39,169
WVnR0jK_NxI,Grubby | Warcraft 3 Reforged | Beta LEAK and New SKINS!,2019-10-15,123003,1666,117,553
azMUCRkSALs,Grubby vs ToD | &quot;The REMATCH&quot; [LEGENDARY] | Warcraft 3 | HU vs HU | Terenas Stand,2019-10-14,74123,1593,30,199
JL2KtBSDEW4,Grubby | Warcraft 3 Reforged | NEW MODELS LEAKED!!,2019-10-13,51458,1183,53,235
6ufdLqiOqbs,Grubby | Warcraft 3 Reforged | NEW Leaks Revealed and Reviewed!,2019-10-12,48231,1018,62,225
8CG5pov9cSI,Grubby | &quot;Need Healing Wards?!&quot; [LEGENDARY] | Warcraft 3 | ORC vs UD | Last Refuge,2019-10-09,32211,749,26,85
iumegbfEMiU,"Grubby | &quot;F start, D- Macro, Micro: ??&quot; | Warcraft 3 | HU vs ORC | Echo Isles",2019-10-06,12489,262,2,39
SB47H2q3alg,Grubby | &quot;Cannon Tower Shennanigans&quot; | Warcraft 3 | HU vs NE | Concealed Hill,2019-10-05,28355,536,10,58
AqHR4E-2g2I,Grubby | Heroes of the Storm - Kel&#39;Thuzad - The Return of KTZ - Towers of Doom,2019-10-04,34718,1395,39,160
Yce63bLwNBU,Grubby | &quot;Hanging By a Thread&quot; | Warcraft 3 | NE vs UD | Amazonia,2019-10-03,12567,284,4,29
uiHn03QqLi4,Grubby | &quot;This Shouldn&#39;t Work&quot; | Warcraft 3 | HU vs HU | Amazonia,2019-09-30,18509,376,5,39
iOnTEsoLfXg,Grubby | &quot;Metamorphosis&quot; [EPIC] | Warcraft 3 | NE vs HU | Northern Isles,2019-09-29,51364,712,49,67
JrF3ZdKT2fw,Grubby | &quot;BLOODCASTLED...&quot; [LEGENDARY] | Warcraft 3 | HU vs NE | Turtle Rock,2019-09-27,56518,842,19,92
T-7iMSAKUJE,GRUBBY vs XlorD | SUPER CLASH | Warcraft 3 TFT,2019-09-22,156272,964,65,62
9ylKiR7RJ1M,Grubby | &quot;Archmage but NO AURAS&quot; [LEGENDARY] | Warcraft 3 | HU vs UD | Ancient Isles,2019-09-16,32919,567,15,41
wZRa-y6xOsY,Grubby | &quot;Fear The PHOENIX&quot; [LEGENDARY] | Warcraft 3 | HU vs ORC | Northern Isles,2019-09-10,34244,716,17,64
hmFdgvFchbw,Grubby vs ToD [EPIC] | Warcraft 3 | UD vs HU | Terenas Stand,2019-09-07,45184,725,36,92
UCCBevm7XWU,Grubby | &quot;Not ToD-ay&quot; | Warcraft 3 | ORC vs HU | Concealed Hill,2019-09-02,32193,601,11,63
0pdAmqjcxGI,Grubby vs HAPPY | Warcraft 3 | NE vs UD | Concealed Hill,2019-08-31,38091,681,23,137
SpTzi30KVz8,Grubby | &quot;Hard To Bust Human&quot; | Warcraft 3 | UD vs HU | Amazonia,2019-08-25,15542,344,12,41
MVbrxDr9QbE,Grubby | &quot;The Counter HERO&quot; [EPIC] | Warcraft 3 | UD vs NE | Turtle Rock,2019-08-24,35869,797,18,45
_xAlu1G4Yyc,Grubby | &quot;For The Light&quot; [EPIC] | Warcraft 3 | HU vs UD | Terenas Stand,2019-08-21,30290,715,15,54
xoK7GhoNEhU,Grubby | &quot;Double Drain&quot; | Warcraft 3 | HU vs HU | Terenas Stand,2019-08-20,20326,416,12,35
TxEnqaLiO1Q,Grubby | &quot;Epic TC Micro&quot; | Warcraft 3 | ORC vs UD | Amazonia,2019-08-16,19325,385,11,29
xi-nrZVmcOo,Grubby vs EnTe | SUPER CLASH - 2 | Warcraft 3 TFT,2019-08-15,38273,505,17,31
rU9ynNCC5To,Grubby | &quot;A Piece of my Mind&quot; | Warcraft 3 | NE vs ORC | Twisted Meadows,2019-08-12,14132,283,4,33
qSGMfDNN8KY,Grubby | [EPIC] &quot;All Hail The Trolls&quot; | Warcraft 3 | ORC vs UD | Twisted Meadows,2019-08-08,27018,495,11,53
PDtTDyIF7mI,Grubby | &quot;Archers Only&quot; | Warcraft 3 | NE vs ORC | Northern Isles,2019-08-06,41692,830,20,65
FRlC8jWdwdM,Grubby | &quot;3.1 Raiders&quot; | Warcraft 3 | ORC vs HU | Twisted Meadows,2019-08-05,30134,546,9,48
yujFIikR51E,Grubby | &quot;FOUR GLOVES&quot; | Warcraft 3 | ORC vs HU | Last Refuge,2019-07-31,44642,702,25,74
xIaxm_5WyNc,Grubby | &quot;SALTIEST WIN EVER&quot; [EPIC] | Warcraft 3 | ORC vs HU | Turtle Rock,2019-07-30,86306,1318,40,142
G_R0yA819kc,Grubby | &quot;Insane Micro Battles&quot; | Warcraft 3 | ORC vs NE | Turtle Rock,2019-07-29,29804,511,12,34
Dpx5VqZvOoY,Grubby | &quot;Toxic Nature&quot; [EPIC] | Warcraft 3 | NE vs HU | Last Refuge,2019-07-27,74059,1127,26,82
rqyvu8plmfE,Grubby | &quot;SUDDEN Towerrush&quot; | Warcraft 3 | UD vs NE | Terenas Stand,2019-07-25,54878,893,31,59
_1yEBLvY6mU,Grubby | &quot;A Dirty Strat&quot; | Warcraft 3 TFT | NE vs ORC | Northern Isles,2019-07-12,26676,466,9,38
VEqIQG1f9qU,Grubby | &quot;HOLD!!!&quot; | Warcraft 3 TFT | ORC vs NE | Northern Isles,2019-07-10,24733,513,6,24
su5wN6tzkxA,Grubby | &quot;SUPER FAST Towerrush&quot; | Warcraft 3 TFT | ORC vs ORC | Ancient Isles,2019-07-10,55185,915,19,52
Gd49AI6OQZ4,Grubby | &quot;Claw Overload&quot; | Warcraft 3 TFT | ORC vs UD | Last Refuge,2019-07-08,65650,973,35,74
LOxnWc-0dOI,&quot;Grubby vs Undercover Happy&quot; | Warcraft 3 TFT | ORC vs UD | Northern Isles,2019-07-08,31985,730,21,70
z1DX15CeR-A,Grubby | &quot;High Level MK&quot; | Warcraft 3 TFT | HU vs UD | Last Refuge,2019-07-07,77715,1115,25,55
2RhAtV63WbY,Grubby | &quot;Moon vs Happy REPLAY REVIEW | Warcraft 3 TFT,2019-07-05,61614,734,70,108
ZVfZyC94Jqg,Grubby vs Tod | Warcraft 3 TFT | NE vs HU | Concealed Hill,2019-07-04,40576,689,18,103
p-Du3mYsQFY,Grubby | &quot;Stayin&#39; Alive&quot; | Warcraft 3 TFT | HU vs NE | Amazonia,2019-07-03,33757,538,20,63
xuatKA97GlM,Grubby | &quot;An Unusual Ally&quot; [EPIC] | Warcraft 3 TFT | HU vs HU | Last Refuge,2019-06-26,22871,404,8,42
LtCA8z3VPR8,Grubby | WC3 | [LEGENDARY] LVL 10 PALA,2019-06-24,324331,4528,186,312
stvfuKXW-PE,Grubby | &quot;Necro Wagon 4v4&quot; | Warcraft 3 TFT | Nerubian Passage,2019-06-24,32165,504,8,33
nZYe-IJkj4o,GRUBBY vs EnTe | SUPER CLASH | Warcraft 3,2019-06-21,41632,428,23,56
7eyNqk30tD0,Grubby vs SyDe | SUPER CLASH | Warcraft 3 TFT,2019-06-19,94373,882,36,102
iNmmIpUdEnQ,Grubby | &quot;The Secret Expo&quot; | Warcraft 3 TFT | NE vs UD | Twisted Meadows,2019-06-16,42026,621,20,56
ItAkYj8PYoE,Grubby | &quot;NEW Hero Combo&quot; | Warcraft 3 | NE vs ORC | Ancient Isles,2019-06-14,32297,590,25,53
FIZvt0UfFvg,Grubby vs Happy | &quot;Farseer Fexpo Strat&quot; | Warcraft 3 TFT | ORC vs UD | Echo Isles,2019-06-11,34506,635,11,86
5m3h-4SYo3c,Grubby | [LEGENDARY] &quot;Can U Out Pig&quot; | Warcraft 3 TFT | ORC vs ORC | Northern Isles,2019-06-10,47804,1001,10,128
z0NWVStHy9E,Grubby | &quot;MASS Faeries!&quot; | Warcraft 3 | 1.31 | NE vs UD | Twisted Meadows,2019-06-09,36408,482,24,45
ZcvsFzRqY4c,Grubby | WC3 | LVL 10 DR,2019-06-08,211881,3362,107,170
6OtimuHGnnk,Grubby | &quot;Early Item Finds&quot; | Warcraft 3 | 1.31 | ORC vs HU | Twisted Meadows,2019-06-07,45630,705,22,59
WA-g-7sbjZU,Grubby | &quot;DH Meta Now?&quot; | Warcraft 3 | 1.31 | NE vs UD | Amazon,2019-06-05,50574,784,21,71
6vHpVVNEqQk,Grubby | &quot;Epic Slaughter&quot; | Warcraft 3 | UD vs NE | Terenas Stand,2019-05-31,32772,517,12,39
aph92o5Zj60,Grubby | &quot;NEW NECROS&quot; | Warcraft 3 | 1.31 | UD vs UD | Amazonia,2019-05-31,28307,585,22,42
YNiXuhaugjM,Grubby | &quot;LVL 7 Dark Ranger&quot; | Warcraft 3 | NE vs HU | Concealed Hill,2019-05-30,46256,825,23,61
6-8Ju0sLvUU,Grubby | &quot;NEW BM&quot; | Warcraft 3 | 1.31 | ORC vs UD | Last Refuge,2019-05-29,45033,906,21,110
BMrY4KP-zNI,Grubby | &quot;The Last Patch Before REFORGED&quot; | Warcraft 3 | A Quick Review of Patch 1.31,2019-05-28,59010,909,61,183
FjTsixWV354,Grubby vs XlorD | [EPIC] An Epic Hold | Warcraft 3 | ORC vs UD | Echo Isles,2019-05-28,28023,510,7,34
SSBniiTo9b4,Grubby | &quot;You Are DOOMED&quot; | Warcraft 3 | ORC vs HU | Echo Isles,2019-05-26,28076,529,5,48
LF4E4oBhRbU,Grubby vs Spiral | &quot;Filthy Night Elves&quot; | Warcraft 3 | NE vs ORC | Twisted Meadows,2019-05-24,28627,439,17,42
PAeqdjLcUt4,Grubby | &quot;LVL 9 Dreadlord&quot; | Warcraft 3 | UD vs HU | Terenas Stand,2019-05-21,177269,2757,76,122
wqZ0K5noN7k,Grubby | &quot;Mass AURAS&quot; | Warcraft 3 | NE vs UD | Turtle Rock,2019-05-20,40666,630,11,51
8JhIQ9Gvq9s,Grubby | &quot;262 CRIT!&quot; | Warcraft 3 | ORC vs UD | Twisted Meadows,2019-05-17,40102,627,9,61
lbkXXOR8YF4,Grubby | &quot;4v4 WYRM STYLE&quot; | Warcraft 3 | Sanctuary,2019-05-15,42105,542,31,75
7PNcOF7wCdk,Grubby | &quot;The Range Counter&quot; | Warcraft 3 | UD vs UD | Last Refuge,2019-05-13,32664,508,3,39
2zTKCmnSgAA,Grubby | &quot;Send The Huntresses&quot; | Warcraft 3 | NE vs ORC | Concealed Hill,2019-05-10,23331,384,5,33
1Jfb6EO6xno,Grubby | &quot;300 IQ Moves ONLY&quot; | Warcraft 3 | HU vs ORC | Amazonia,2019-05-07,30680,581,12,61
Ja4EBaGeESg,Grubby | &quot;I&#39;ll Tower Rush Him&quot; | Warcraft 3 | UD vs ORC | Last Refuge,2019-05-03,68396,1223,95,97
HRatO-KFzn8,Grubby | &quot;For The Germans&quot; | Warcraft 3 | HU vs ORC | Concealed Hill,2019-05-02,34124,1041,32,157
riyXERizHMs,Grubby | &quot;Get The BEARS&quot; | Warcraft 3 | UD vs NE | Terenas Stand,2019-05-01,24929,398,11,16
P5DHzMAA3D0,Grubby | &quot;Fear the FAERIE&quot; | Warcraft 3 | NE vs NE | Concealed Hill,2019-04-26,25340,424,30,97
u5R-_qjK9wk,Grubby | &quot;Is This STARCRAFT?&quot; | Warcraft 3 | UD vs ORC | Northern Isles,2019-04-25,36525,653,19,47
xKMj3mu-NSY,WC3 PTR Patch 1.31 PREVIEW | &quot;Crazy UD Buffs&quot; | Grubby,2019-04-25,56624,855,34,263
xa9LKeZcr5w,Grubby | &quot;Hex First&quot; [EPIC] | Warcraft 3 | ORC vs HU | Concealed Hill,2019-04-24,25764,486,59,82
C6VceB1i5Ms,Grubby | &quot;FFA MADNESS&quot; | Warcraft 3 | Orc | Monsoon,2019-04-21,44846,640,25,57
T9z_fUXTDjw,Grubby | &quot;4v4 IS BACK!&quot; | Warcraft 3 |  Gold Rush,2019-04-20,135375,1625,60,113
xTnVTFOShsk,Grubby vs ToD | &quot;Mirror Clash&quot; | Warcraft 3 | HU vs HU | Echo Isles,2019-04-19,34550,754,8,144
GEg-194RA4Q,Grubby | &quot;A &quot;Short&quot; Game...&quot; | Warcraft 3 | UD vs NE | Twisted Meadows,2019-04-17,30953,443,10,42
BQJW9xX3sFg,Grubby | &quot;Bloodmage Fun&quot; | Warcraft 3 | HU vs HU | Northern Isles,2019-04-15,31147,543,9,43
7wtQgYB-ETU,Grubby | &quot;Goblin Shop Control&quot; | Warcraft 3 | ORC vs HU | Echo Isles,2019-04-14,15807,300,11,31
xVg0b7xwn2w,Grubby | &quot;Triple Lightning&quot; | Warcraft 3 | ORC vs HU | Last Refuge,2019-04-14,44118,664,10,53
2x1DS5FB6ZA,Grubby | &quot;THE RAID&quot; [EPIC] | Warcraft 3 | NE vs HU | Terenas Stand,2019-04-12,30194,594,26,70
S3uy7Wnhtfc,Grubby | &quot;Thick Skinned Pala&quot; | Warcraft 3 | HU vs UD | Northern Isles,2019-04-11,55223,758,11,57
S6S5I-xDXc0,Grubby | &quot;Odd Hero Combo!&quot; | Warcraft 3 | UD vs ORC | Last Refuge,2019-04-09,45894,692,12,38
-_QT8Gwi3DA,Grubby | &quot;42 vs 86 FOOD&quot; | Warcraft 3 | UD vs UD | Turtle Rock,2019-04-09,70306,879,23,93
bjt8dtlMMIw,Grubby | &quot;LVL 7 WARDEN&quot; | Warcraft 3 | NE vs HU | Terenas Stand,2019-04-06,29424,544,15,41
b9-7F6gMaY4,Grubby | &quot;SURPRISE PARTY&quot; | Warcraft 3 | HU vs HU | Swamped Temple,2019-04-05,30350,864,20,96
NtXfJxrbRq8,Grubby | &quot;DK PitLord Frenzy&quot; [LEGENDARY] | Warcraft 3 | UD vs HU | Last Refuge,2019-04-03,73897,1265,26,107
O4J2rlSYi6o,Grubby | &quot;Pulverize Fest&quot; | Warcraft 3 | ORC vs HU | Terenas Stand,2019-04-02,28280,497,24,53
Hd5rp4S83Vc,Grubby | &quot;Going Old School!&quot; | Warcraft 2 | Beyond The Dark Portal - Campaign,2019-04-02,74289,1045,49,159
cUEQ0EPdLUE,Grubby | &quot;Uther&#39;s Last Stand&quot; | Warcraft 3 | HU vs UD | Echo Isles,2019-03-30,42316,735,19,92
9nDMyI7qisM,Grubby vs Deathnote 3 | &quot;Take The BL&quot; | Warcraft 3 | ORC vs HU | Concealed Hill,2019-03-29,42338,677,8,60
XIFWpvqnBks,Grubby vs Deathnote 2 | &quot;LVL 8 BM&quot; [LEGENDARY] | Warcraft 3 | ORC vs HU | Echo Isles,2019-03-28,259737,4521,85,441
z4X-oWifGzA,Grubby vs Deathnote 1 | &quot;SH MVP&quot; [EPIC] | Warcraft 3 | ORC vs HU | Terenas Stand,2019-03-28,62980,881,19,39
UT71z2-hCoM,Grubby vs KnOfF 1 | &quot;Orcish Mirror&quot; | Warcraft 3 | ORC vs ORC | Twisted Meadows,2019-03-26,13001,302,6,31
cfu9n1hE2uY,Grubby | &quot;92% Winrate OPPO!&quot; | Warcraft 3 | NE vs NE | Last Refuge,2019-03-24,44577,645,16,111
tALuS-2SS_g,Grubby | &quot;Facing UD Triple Strength Hero&quot; | Warcraft 3 | ORC vs UD | Echo Isles,2019-03-20,25912,477,23,58
snzsisDXrSE,Grubby | &quot;BM In The Streets&quot; | Warcraft 3 | ORC vs HU | Last Refuge,2019-03-18,17110,343,4,42
BDq8i446zrg,GRUBBY vs HAPPY Part 2 | Warcraft 3 | Showmatch,2019-03-17,30855,588,8,110
5I0opDUsXFo,GRUBBY vs HAPPY Part 1 | Warcraft 3 | Showmatch,2019-03-17,34859,605,17,102
lHNrNdCZGSY,Grubby | &quot;The Power of CHAINWAVE&quot; | Warcraft 3 | ORC vs HU | Northern Isles,2019-03-16,50385,688,14,72
GIl0lsQrSN4,Grubby | &quot;BLOOD FORTRESS&quot; [EPIC] | Warcraft 3 | UD vs ORC | Last Refuge,2019-03-14,58659,1295,31,82
vTipHSjwSWw,Grubby | &quot;Reborn Like a Phoenix&quot; | Warcraft 3 | HU vs HU | Last Refuge,2019-03-13,26583,436,5,40
9evHcpT3dSw,Grubby | &quot;OUTGUNNED! GG?&quot; [LEGENDARY] | Warcraft 3 | UD vs HU | Echos Isles,2019-03-12,39137,758,8,102
A846ZH6Oy60,Grubby | &quot;Karma For You&quot; | Warcraft 3 | HU vs NE | Terenas Stand,2019-03-07,169260,2120,64,216
yMmuj5n34Lg,Grubby | &quot;Stop Harassing ME!&quot; | Warcraft 3 | UD vs NE | Echo Isles,2019-03-06,60274,788,16,50
vUuQIZnrRzo,Grubby | &quot;Machine Gun LICH&quot; [EPIC] | Warcraft 3 | UD vs HU | Turtle Rock,2019-03-06,82923,1178,20,57
d_tWlP5ooKk,Grubby | &quot;Grubby vs Neytpoh Pt.3&quot; | Warcraft 3 | ORC vs NE,2019-03-05,28731,367,18,63
AU6djhEQP2w,Grubby | &quot;Grubby vs Neytpoh Pt.1&quot; | Warcraft 3 | ORC vs NE | Twisted Meadows,2019-03-04,30080,461,19,54
kgUPyNdMeA8,Grubby | &quot;Multitasking Guide&quot; | Warcraft 3 | NE vs HU | Echo Isles,2019-03-02,33479,697,18,40
CQK_kw3_QBw,Grubby | &quot;Pitlord Necros Fiend Statues WORTH?&quot; | Warcraft 3 | UD vs ORC | Last Refuge,2019-02-27,32859,531,14,59
FUUAg30gP0A,Grubby | &quot;NEVER SURRENDER&quot; | Warcraft 3 | ORC vs NE | Last Refuge,2019-02-27,37004,696,12,50
1dqG815tL5s,Grubby | &quot;STACKED BM&quot; | Warcraft 3 | ORC vs UD | Last Refuge,2019-02-27,136207,1614,67,107
BG3hsCILn3U,&quot;Grubby vs XlorD&quot; [EPIC] | Warcraft 3 | ORC vs UD | Concealed Hill,2019-02-24,44740,676,16,80
WGzsuveu6r8,Grubby | &quot;Let&#39;s Crack Some SKULLS&quot; | Warcraft 3 | HU vs UD | Terenas Stand,2019-02-22,24544,443,6,52
45ukkdU8p4A,Grubby | &quot;BIG IS BEST&quot; | Warcraft 3 | UD vs HU | Twisted Meadows,2019-02-21,32751,496,12,66
YNZI-WCqxt4,Grubby | &quot;Grubby vs Nightend&quot; | Warcraft 3 | HU vs UD | Northern Isles,2019-02-21,25712,415,17,46
SPZ1efV1_QA,Grubby | &quot;ALL ULTS&quot; [EPIC] | Warcraft 3 | HU vs NE | Last Refuge,2019-02-20,47228,779,18,82
3FuMWd6xvcM,Grubby | &quot;100% WINRATE - 2nd TRY&quot; | Warcraft 3 | ORC vs HU | Echo Isles,2019-02-18,41778,959,13,195
Rq8e33L1nnY,Grubby | &quot;MASS BM&quot; | Warcraft 3 | ORC vs NE | Echo Isles,2019-02-17,28694,562,7,47
2nvYcxCep5g,Grubby | &quot;THE GHOUL RUSH&quot; | Warcraft 3 | NE vs UD | Swamped Temple,2019-02-15,31408,541,6,37
oOHWkNKJSRs,Grubby | &quot;GRUBBY vs SHOCKER&quot; [EPIC] | Warcraft 3 | HU vs UD | Concealed Hill,2019-02-13,42002,656,16,73
ZZpCjd5CACs,Grubby | &quot;Death From Above&quot; | Warcraft 3 | UD vs NE | Last Refuge,2019-02-10,30400,523,9,46
-gs7KlOT4YI,Grubby | &quot;That&#39;s a lot of FOOTIES&quot; | Warcraft 3 | NE vs HU | Amazonia,2019-02-08,34951,521,16,63
ZMqIeELRfkQ,Grubby | &quot;The Dreaded 100% WINRATE&quot; | Warcraft 3 | NE vs HU | Twisted Meadows,2019-02-08,61852,852,30,158
7YFdN4GLWP4,Grubby | &quot;Some Kind of Magic!&quot; [EPIC] | Warcraft 3 | HU vs ORC | Echo Isles,2019-02-07,37113,566,29,61
fLFfdslJGvY,Grubby | &quot;BANISH!&quot; | Warcraft 3 | HU vs ORC | Last Refuge,2019-02-06,28055,471,15,36
XbyMC3mBMuA,Grubby | &quot;A Spice of Necros&quot; | Warcraft 3 | UD vs HU | Echos Isles,2019-02-05,40068,483,29,54
i-uZXDCd0cE,Grubby | &quot;Totally New Strategy&quot; | Warcraft 3 | UD vs HU | Twisted Meadows,2019-02-03,65668,672,28,61
-rTfyTvkw30,Grubby | &quot;Grubby vs S.o.K.o.L&quot; | Warcraft 3 | NE vs ORC | Echos Isles,2019-02-02,29967,434,18,88
faq2a2EO4eo,Grubby | &quot;The Long Doc Con!&quot; | Warcraft 3 | ORC vs ORC | Terenas Stand,2019-01-29,24984,316,8,30
fyx0eEuFUjY,Grubby | &quot;WARCRAFT ROYALE&quot; | Custom Map,2019-01-29,68998,1318,36,111
3esdkGuPA-w,Grubby | &quot;WARDEN Mass T1&quot; | Warcraft 3 | NE vs UD | Concealed Hill,2019-01-28,66034,931,29,99
qfL3HntOthE,Grubby | &quot;Towerrush DEFENSE&quot; [EPIC] | Warcraft 3 | NE vs HU | Last Refuge,2019-01-27,46313,786,63,70
D6l1TEoitX8,Grubby | &quot;Invis Harass&quot; | Warcraft 3 | HU vs ORC | Twisted Meadows,2019-01-26,29201,571,7,52
IqT1Qj1wt68,Grubby | &quot;Towerrush!&quot; | Warcraft 3 | HU vs ORC | Amazonia,2019-01-25,27411,720,14,55
3tYwN4MJyo4,Grubby | &quot;Paladin  Rifles!&quot; | Warcraft 3 | HU vs HU | Turtle Rock,2019-01-24,51991,828,18,59
osTvTLBXXa0,Grubby | &quot;200 IQ Game&quot; | Warcraft 3 | HU vs NE | Twisted Meadows,2019-01-22,38533,656,9,63
fg-F46gJSlo,"Grubby | &quot;Grubby vs Neytpoh&quot; Games 5, 6  7 | Warcraft 3",2019-01-21,59196,679,17,80
argYo_TJF3c,Grubby | &quot;Grubby vs Neytpoh&quot; Games 1  2 | Warcraft 3,2019-01-20,42437,749,16,84
8XCL1U7kv0c,Grubby | &quot;Grubby vs ToD&quot; | Warcraft 3 | HU vs HU | Last Refuge,2019-01-18,39973,906,18,188
KKzxoUoyJRU,Grubby | &quot;Grubby vs Deathnote&quot; | Warcraft 3 | UD vs HU | Last Refuge,2019-01-17,26825,641,10,68
GxJI1e4bO7A,Grubby | &quot;Grubby vs MaDFroG&quot; [EPIC] | Warcraft 3 | UD vs HU | Terenas Stand,2019-01-16,66903,1398,22,134
hvMrRafhxDQ,Grubby | &quot;Error 404&quot; | Warcraft 3 | HU vs HU | Northern Isles,2019-01-14,30749,726,8,77
rjaviX0AF8A,Grubby | &quot;Rise of the Terran&quot; | Warcraft 3 | HU vs UD | Terenas Stand,2019-01-13,25524,650,13,47
E1uYw6A7btw,Grubby | &quot;That&#39;s MY Expo!&quot; [EPIC] | Warcraft 3 | UD vs NE | Terenas Stand,2019-01-11,32140,622,10,64
1aIkJKTNs54,Grubby | &quot;High Level Game&quot; | Warcraft 3 | ORC vs HU | Terenas Stand,2019-01-08,35715,671,15,56
jbNChBCxtAw,Grubby | &quot;Warsong Clan ONLY&quot; | Warcraft 3 | ORC vs HU | Concealed Hill,2019-01-08,27447,474,11,55
LBzjBODuMPY,Grubby | &quot;Acolyte Rush&quot; | Warcraft 3 | UD vs UD | Amazonia,2019-01-04,45135,1040,27,87
JpwWD2v3d9E,Grubby | &quot;Polymorph For Days&quot; | Warcraft 3 | HU vs ORC | Twisted Meadows,2019-01-03,29466,995,7,91
liZ6H4i9aV4,Grubby | &quot;Flare Play&quot; [LEGENDARY] | Warcraft 3 | HU vs HU | Concealed Hill,2019-01-03,50555,1066,19,87
unFU94d3vlo,Grubby | &quot;Mass AoE&quot; | Warcraft 3 | HU vs ORC | Last Refuge,2018-12-31,48869,676,14,55
6L001_16Lf0,Grubby | &quot;Uncombackable&quot; | Warcraft 3 | NE vs UD | Terenas Stand,2018-12-30,65551,951,22,94
l8x96qubU5k,Grubby | &quot;The Fel Horde Request&quot; [EPIC] | Warcraft 3 | ORC vs NE | Turtle Rock,2018-12-29,52805,880,6,88
F7Z5C2dlSvM,Grubby | &quot;Mass Melee&quot; | Warcraft 3 | UD vs HU | Turtle Rock,2018-12-26,39687,730,16,86
ZEZn9f-DcFI,Grubby | &quot;Orbs of Fire&quot; | Warcraft 3 | HU vs ORC | Swamped Temple,2018-12-24,71456,878,36,106
mj6b-166kqY,Grubby | A &quot;Rocky&quot; Path [LEGENDARY] | Warcraft 3 | NE vs HU | Last Refuge,2018-12-23,39938,996,15,100
q0C4mxNMjIc,Grubby | &quot;First look at Civ 6 - War and Plunder!&quot; | Civilization VI on the Nintendo Switch™,2018-12-22,11178,229,64,64
1yY1TNEwmVY,Grubby | &quot;Element Tower Defense!&quot; | Warcraft 3,2018-12-21,168062,1175,161,167
E8es7QBYEOc,Grubby | &quot;Bare Necessities&quot; [EPIC] | Warcraft 3 | NE vs HU | Terenas Stand,2018-12-20,34376,811,14,86
cY7NQzeScmY,Grubby | &quot;The Archer Massacre&quot; | Warcraft 3 | NE vs UD | Twisted Meadows,2018-12-19,60101,889,22,106
GGPeRwyrVjw,Grubby | &quot;Solo Warden&quot; [EPIC] | Warcraft 3 | NE vs HU | Swamped Temple,2018-12-19,55614,684,55,90
o9krAc5ioVw,Grubby | &quot;Countering the KotG&quot; | Warcraft 3 | HU vs NE | Turtle Rock,2018-12-18,33969,578,16,52
grgcE199mBs,Grubby | &quot;The Impossible Hold&quot; [EPIC] | Warcraft 3 | UD vs NE | Last Refuge,2018-12-17,31776,706,7,60
I0C-GgcBpw0,Grubby | &quot;Grubby vs Sonik&quot; | Warcraft 3 | NE vs NE | Last Refuge,2018-12-16,21650,470,10,66
JQrc-tklRSQ,Grubby | Statement on HotS News,2018-12-15,84798,2090,197,382
62Tnw3J3AN0,Grubby | &quot;NECROS!&quot; | Warcraft 3 | UD vs NE | Twisted Meadows,2018-12-14,41191,693,16,128
kxoKHy26UmE,Grubby | &quot;A Blast From The Past&quot; | Warcraft 3 | UD vs NE | Echo Isles,2018-12-13,27364,522,9,48
UFOPDalufws,Grubby | &quot;The Settler&quot; [EPIC] | Warcraft 3 | NE vs UD | Last Refuge,2018-12-12,42496,560,13,45
zItUJ7XgtyE,Grubby | &quot;Grubby vs Happy - Game 1  2&quot; | Warcraft 3 | ORC vs UD,2018-12-06,225280,2530,96,264
GumVMYs2iRE,Grubby | &quot;The Perfect Scroll&quot; | Warcraft 3 | UD vs NE | Terenas Stand,2018-12-03,26700,529,13,73
7qLSnXAkG_8,Grubby | &quot;Double The Mana!&quot; [EPIC] | Warcraft 3 | ORC vs HU | Turtle Rock,2018-12-01,53765,1098,26,88
rm91cNjIzzA,Grubby | Patch 1.30.2 Preview - Classic Available With Pre-Purchase of REFORGED!,2018-12-01,34428,556,15,130
M_F4d_VTpNU,Grubby | Warcraft 3 TFT | 1.30 | ORC v NE on Echo Isles - Efficiency vs Numbers,2018-11-28,49648,874,15,105
QE7Yn1zc0U0,Grubby | Warcraft 3 TFT | 1.30 | NIGHT ELF Base Layout TUTORIAL,2018-11-25,50849,1073,25,61
ORfZ2oWvqqU,Grubby | Warcraft 3 TFT | 1.30 | NE v ORC on Concealed Hill - Suho Strat,2018-11-25,26079,518,11,65
mAPsZSCCoYc,Grubby | Warcraft 3 TFT | 1.30 | ORC v NE on Concealed Hill - What a Cool Army!,2018-11-21,42293,597,15,80
QAGlohA9Afw,Grubby | Warcraft 3 TFT | 1.30 | UD v NE on Terenas Stand - AoE Madness,2018-11-19,38409,641,16,58
tfddkg-GjwQ,Grubby | Warcraft 3 TFT | 1.30 | ORC Base Layout TUTORIAL,2018-11-18,68797,1397,16,95
CLWTYk_TRbQ,Grubby | Warcraft 3 TFT | 1.30 | ORC v ORC on Turtle Rock - Mass Lightning,2018-11-15,26371,597,10,55
JqIT1eTACVw,Grubby | Warcraft 3 TFT | 1.30 | UD v NE on Twisted Meadows - Hakuna Matata,2018-11-15,23761,471,9,40
PQn0PYzGntU,Grubby | Warcraft 3 TFT | 1.30 | ORC v HU on Twisted Meadows - All About Blademaster,2018-11-14,40280,785,9,112
IVoz0BZ6WQ4,Grubby | Warcraft 3 TFT | 1.30 | NE v NE on Turtle Rock - Chims vs Hippoes,2018-11-11,38520,509,12,50
g4in8TNbjRc,Grubby | Warcraft 3 TFT | 1.30 | UD v NE on Terenas Stand - GRUBBY vs FOGGY,2018-11-10,64573,1183,24,174
Y1BV9mR5Nc8,Grubby | Warcraft 3 TFT | 1.30 | ORC v ORC on Terenas Stand - Non Stop Harass,2018-11-10,28965,601,8,54
sjFRKy-M5vI,Grubby | Warcraft 3 TFT | 1.30 | UD v NE on Northern Isles - Palms are Sweaty,2018-11-07,34584,572,12,109
js1TU9uwCxk,Grubby | Warcraft 3 TFT | 1.30 | HU v ORC on Swamped Temple - Tavern All-Stars,2018-11-05,34435,583,8,41
3zWAdl-QS_8,Grubby | Warcraft 3 TFT | 1.30 | NE v ORC on Twisted Meadows - Night Elf Over Explain,2018-11-04,36879,933,7,46
de-aCP1CXgc,Grubby | Warcraft 3 REFORGED - QA With Classic&#39;s Game Team Dev Nicholas Louie,2018-11-03,76908,1643,30,430
IYHBqNnHXQ4,Grubby | Warcraft 3 TFT | 1.30 | ORC v NE on Terenas Stand - Blademaster Overexplain,2018-10-30,53466,765,19,55
3HGF9UghHAc,Grubby | Warcraft 3 TFT | 1.30 | HU v UD on Twisted Meadows - To The Late Game!,2018-10-30,38951,527,15,55
F-Wzhr7HXQQ,Grubby | Warcraft 3 TFT | 1.30 | ORC v UD on Concealed Hill - Rabbit MVP!,2018-10-28,29752,686,15,70
q2zOx0nhFDo,Grubby | Warcraft 3 TFT | 1.30 | UD v ORC on Echo Isles - EZ... NOT EZ,2018-10-26,60959,803,18,71
Z3jG0dpeAw0,2v2 WITH THEVIPER! | AoE4,2021-12-10,1816,94,2,18
c-cKtv_zczU,The Unfinished CLASH ft. TheViper | AoE4 | Grubby,2021-12-09,5739,193,1,17
gaDss62VGUU,Struggling in AoE4? Watch THIS! | Grubby,2021-11-20,31793,685,18,74
Tpqhc7PeOBY,Grubby | WC3 | 428 Max Damage?!,2020-09-10,18977,406,18,25
WFAs1z9LOa4,Grubby | WC3 Reforged | Grubby vs Bizzare SUPERCLASH,2020-02-13,62165,664,50,156
L54tdecJc6c,Grubby | WC3 Reforged | [LEGENDARY] The Day Long Game,2020-02-12,52230,778,38,113
pEmZeeCpVWM,Grubby | &quot;Fast Tech AND Fast Expand!&quot; | Warcraft 3 | UD vs HU | Last Refuge,2019-08-17,27032,447,10,54
00Is35O2Eq4,Grubby | &quot;Solo TC&quot; | Warcraft 3 | ORC vs HU | Echo Isles,2019-02-10,34796,632,11,47
FoBzhU9d_Vw,Grubby | &quot;Grubby vs EnTe - Games 1  2&quot; | Warcraft 3 | ORC vs UD,2018-12-10,26861,375,10,45
